LOCATION,SYSTEM


StarPort,Regina
DownPort,Regina
Frans Food Parlour,Regina
Cab Stand,Regina
Yaskids Antiques,Regina
Mikes Metal Shop, Regina


StarPort,Roup
DownPort,Roup
EZ Transport,Roup
Sams PI`s,Roup
XS Prawns,Roup


StarPort,Feri
DownPort,Feri
Mercy Hospice,Feri


StarPort,Boughene
Extras Galore,Boughene
Angels Bar,Boughene
Theatre,Boughene
Mek Warez,Boughene


StarPort,Efate
Naval Base,Efate
DownPort,Efate
Big Bang,Efate
Sids Salvage,Efate


StarPort,Lysen
DownPort,Lysen
Cyrils News Stand,Lysen
Slug-it Sallys,Lysen


StarPort,Jewell
DownPort,Jewell
